date,Close,High,Low,Open,Volume,return,direction,sentiment_mean,sentiment_std,headline_count,return_1d,return_3d,return_5d,volatility_5d,volume_change,sentiment_1d,sentiment_3d,sentiment_7d,sentiment_momentum
2025-02-12,23045.25,23144.69921875,22798.349609375,23050.80078125,279700,-0.0011507892904301,0,-0.08324803411960602,0.8235406061480416,12,-0.0132496849360461,-0.0075528190847176995,-0.00567805339018102,0.0048399150523326375,0.14432109308283514,-0.22951678559184074,-0.13565570940122462,-0.1992748835947165,-0.030241901997124232
2025-02-13,23031.400390625,23235.5,22992.19921875,23055.75,265700,-0.0006009745771905,0,-0.22839234272638956,0.7188902837765819,9,-0.0011507892904301,-0.007323502639594699,-0.0055463698358382595,0.004978467544879891,0.04365671641791047,-0.08324803411960602,-0.13601320315942622,-0.16950006211393345,0.08625202799432743
2025-02-14,22929.25,23133.69921875,22774.849609375,23096.44921875,254500,-0.0044352661537063,1,-0.040768837928771985,0.8082026717027949,15,-0.0006009745771905,-0.005000482934555566,-0.00488204422435474,0.005448720678558174,-0.05005362888809439,-0.22839234272638956,-0.18038572081261214,-0.19528154206122966,-0.033110800665159895
2025-02-17,22959.5,22974.19921875,22725.44921875,22809.900390625,207400,0.0013192755977626,0,-0.1488347709178925,0.9180413472739526,10,-0.0044352661537063,-0.0020623433404422993,-0.005401349729936179,0.0052044149231533715,-0.04215280391418896,-0.040768837928771985,-0.11746973825825587,-0.14072105899158274,0.09995222106281076
2025-02-18,22945.30078125,22992.5,22801.5,22963.650390625,210600,-0.0006184463402948,0,-0.12407638809897682,0.8575839395369733,11,0.0013192755977626,-0.0012389883777113994,-0.003623487871922079,0.0057663547737092395,-0.1850687622789784,-0.1488347709178925,-0.13933198385768467,-0.1297444448423334,-0.019090326075559078
2025-02-19,22932.900390625,23049.94921875,22814.849609375,22847.25,207000,-0.0005404326900405,0,-0.26239306651628935,0.736129098625573,13,-0.0006184463402948,-0.001244812298746166,-0.0010972401527718197,0.002089279570929466,0.015429122468659573,-0.12407638809897682,-0.10455999898188044,-0.1357302784500442,0.011653890351067384
2025-02-20,22913.150390625,22923.849609375,22812.75,22821.099609375,240800,-0.0008612081186238,0,-0.10022507695590749,0.8091697189985736,17,-0.0005404326900405,5.3465522475767265e-05,-0.0009751688326938996,0.002103153376866174,-0.017094017094017144,-0.26239306651628935,-0.1784347418443862,-0.159604317985681,-0.10278874853060835
2025-02-21,22795.900390625,22921.0,22720.30078125,22857.19921875,242800,-0.0051171487988824,0,0.0924997627735138,0.8703832949115468,10,-0.0008612081186238,-0.0006733623829863661,-0.0010272155409805596,0.0020947814868606585,0.16328502415458934,-0.10022507695590749,-0.16223151052372456,-0.1411340738948334,0.04090899693892591
2025-02-24,22553.349609375,22668.05078125,22518.80078125,22609.349609375,214300,-0.0106401053300685,0,-0.1993765580026727,0.7561339380946495,19,-0.0051171487988824,-0.0021729298691822324,-0.0011635920700157796,0.0023755099556521226,0.008305647840531671,0.0924997627735138,-0.09003946023289434,-0.11602724576724485,0.20852700854075865
2025-02-25,22547.55078125,22625.30078125,22513.900390625,22516.44921875,250300,-0.0002571160481895,0,0.3405105024576187,0.7519597107260138,12,-0.0106401053300685,-0.0055394874158582325,-0.003555468255582,0.004404727672469409,-0.11738056013179576,-0.1993765580026727,-0.06903395739502213,-0.11188213366385671,-0.08749442433881599
2025-02-27,22545.05078125,22613.30078125,22508.400390625,22568.94921875,289200,-0.0001108767876499,0,-0.09066323322408337,0.8781418861565792,17,-0.0002571160481895,-0.005338123392380132,-0.0034832021971609394,0.0044674775072630814,0.16798880074661682,0.3405105024576187,0.0778779024094866,-0.05741365646580091,0.39792415892341965
2025-02-28,22124.69921875,22450.349609375,22104.849609375,22433.400390625,551300,-0.0186449596666951,0,-0.4818367640177409,0.6791590612312445,15,-0.0001108767876499,-0.0036693660553026326,-0.00339729101668282,0.004541728849032778,0.15541350379544538,-0.09066323322408337,0.016823570410287546,-0.04910343679525675,-0.04155979642882662
2025-03-03,22119.30078125,22261.55078125,22004.69921875,22194.55078125,282400,-0.0002440004922383,0,-0.0012467848627190899,0.9019076439423925,19,-0.0186449596666951,-0.006337650834178167,-0.006954041326297081,0.007831291763217941,0.9062932226832643,-0.4818367640177409,-0.07732983159473518,-0.10021206192650876,-0.3816247020912321
2025-03-04,22082.650390625,22105.05078125,21964.599609375,21974.44921875,253300,-0.0016569416451024,1,-0.3283844239571515,0.7918677725207751,17,-0.0002440004922383,-0.006333278982194432,-0.00597941166496826,0.008399664899213767,-0.4877562125884274,-0.0012467848627190899,-0.19124892736818114,-0.062905450261713,0.06165866539899391
2025-03-05,22337.30078125,22394.900390625,22067.80078125,22073.05078125,305900,0.0115316950692254,1,-0.14345964590708415,0.8366710406848831,15,-0.0016569416451024,-0.006848633934678599,-0.00418277892797504,0.00810924961619277,-0.1030453257790368,-0.3283844239571515,-0.27048932427920386,-0.09549964269046216,-0.23288478126668935
2025-03-06,22544.69921875,22556.44921875,22245.849609375,22476.349609375,372100,0.009284847776867,1,0.16136270761489868,0.9224530654565324,12,0.0115316950692254,0.003210250977294901,-0.0018250167044920602,0.010802527109448002,0.20765890248716934,-0.14345964590708415,-0.15769695157565158,-0.12920812964483328,-0.01425151626225088
2025-03-07,22552.5,22633.80078125,22464.75,22508.650390625,289800,0.0003460139864501,0,-0.6430032134056092,0.5885738478834678,10,0.009284847776867,0.006386533733663334,5.412820841131996e-05,0.011933285936013545,0.2164105916966328,0.16136270761489868,-0.10349378741644566,-0.07767394884232308,0.23903665645722177
2025-03-10,22460.30078125,22676.75,22429.05078125,22521.849609375,293900,-0.0040882039130917,1,-0.30390567962939924,0.8321303873557037,13,0.0003460139864501,0.007054185610847501,0.0038523229390403603,0.006080936334361118,-0.22117710292932002,-0.6430032134056092,-0.20836671723259823,-0.21817590825135566,-0.4248273051542535
2025-03-11,22497.900390625,22522.099609375,22314.69921875,22345.94921875,347900,0.001674047455606,0,-0.4040725938975811,0.7575536086849007,16,-0.0040882039130917,0.0018475526167418012,0.0030834822548696803,0.006914254621031475,0.014147688060731634,-0.30390567962939924,-0.26184872847336993,-0.2486391148806865,-0.05526656474871275
2025-03-12,22470.5,22577.400390625,22329.55078125,22536.349609375,369700,-0.0012179087892316,0,-0.410273096778176,0.7257609748047309,22,0.001674047455606,-0.0006893808236785322,0.00374968007501136,0.006490829259077027,0.18373596461381414,-0.4040725938975811,-0.45032716231086317,-0.23752994772066363,-0.16654264617691747
2025-03-13,22397.19921875,22558.05078125,22377.349609375,22541.5,287500,-0.0032620894617386,1,-0.27403973208533394,0.8619330427980351,18,-0.0012179087892316,-0.0012106884155724323,0.0011997593033199604,0.005003252939998735,0.06266168439206665,-0.410273096778176,-0.3727504567683855,-0.29596227799430036,-0.11431081878387567
2025-03-17,22508.75,22577.0,22353.150390625,22353.150390625,251100,0.0049805683362682,1,-0.2015442910947298,0.8037563682811315,19,-0.0032620894617386,-0.0009353169317880657,-0.0013096281444011596,0.0024075128187454045,-0.22234243981606705,-0.27403973208533394,-0.36279514092036363,-0.2881987505840407,0.014159018498706766
2025-03-18,22834.30078125,22857.80078125,22599.19921875,22662.25,272600,0.0144632989948354,1,-0.12370966209305657,0.8438993251709752,18,0.0049805683362682,0.0001668566950993345,-0.0003827172744375395,0.003732093044974418,-0.12660869565217392,-0.2015442910947298,-0.29528570665274656,-0.29649655703941863,0.09495226594468884
2025-03-19,22907.599609375,22940.69921875,22807.94921875,22874.94921875,324000,0.0032100316461272,1,-0.3201378318998549,0.7448231253406511,18,0.0144632989948354,0.005393925956455,0.00332758330714788,0.006956220054654187,0.08562325766626833,-0.12370966209305657,-0.19976456175770677,-0.3372211812834123,0.21351151919035571
2025-03-20,23190.650390625,23216.69921875,22973.94921875,23036.599609375,313700,0.01235619558909,1,-0.45818660259246824,0.7430094893884558,15,0.0032100316461272,0.007551299659076935,0.00363478014525212,0.006898619026462119,0.18855465884079248,-0.3201378318998549,-0.21513059502921375,-0.2910975553540188,-0.029040276545836075
2025-03-21,23350.400390625,23402.69921875,23132.80078125,23168.25,541000,0.0068885519512889,1,-0.5573970590318952,0.5849060700637242,14,0.01235619558909,0.0100098420766842,0.00634960102091644,0.007176820560030392,-0.03179012345679011,-0.45818660259246824,-0.30067803219512657,-0.3131376872058858,-0.14504891538658243
2025-03-24,23658.349609375,23708.75,23433.5,23515.400390625,311900,0.0131881772302988,1,-0.06426106890042622,0.8423709655096727,12,0.0068885519512889,0.007484926395502034,0.008379729303521941,0.0048302635372025485,0.7245776219317819,-0.5573970590318952,-0.4452404978414061,-0.3350411822250735,-0.22235587680682167
2025-03-25,23668.650390625,23869.599609375,23601.400390625,23751.5,338200,0.0004353972876416,0,-0.26785014684383684,0.7804552340236871,13,0.0131881772302988,0.010810974923559235,0.01002125108232806,0.004780682241769032,-0.42347504621072085,-0.06426106890042622,-0.3599482435082632,-0.2856108925282521,0.2213498236278259
2025-03-26,23486.849609375,23736.5,23451.69921875,23700.94921875,278600,-0.0076810793285454,1,-0.07819762229919433,0.8002122773617926,15,0.0004353972876416,0.006837375489743101,0.0072156707408893,0.005572703312617204,0.08432189804424506,-0.26785014684383684,-0.2965027582587194,-0.2847266660651811,0.016876519221344255
2025-03-27,23591.94921875,23646.44921875,23412.19921875,23433.94921875,510300,0.0044748278770025,0,-0.013260621577501297,0.8082348882520153,16,-0.0076810793285454,0.001980831729798335,0.00503744854595478,0.008751640521396667,-0.17622708456534597,-0.07819762229919433,-0.13676961268115248,-0.2671057133801046,0.18890809108091025
2025-03-28,23519.349609375,23649.19921875,23450.19921875,23600.400390625,295400,-0.0030773044101545,0,-0.12704262312720804,0.8178701355309987,17,0.0044748278770025,-0.0009236180546337647,0.0034611750035372798,0.007757160234198356,0.8316582914572865,-0.013260621577501297,-0.11976946357351081,-0.2513272790207396,0.2380666574432383
2025-04-01,23165.69921875,23565.150390625,23136.400390625,23341.099609375,314300,-0.0150365718652369,1,-0.5085134665171306,0.7303265289312582,15,-0.0030773044101545,-0.002094518620565798,0.0014680037312486001,0.007934659433366072,-0.421124828532236,-0.12704262312720804,-0.07283362233463456,-0.22374224919607572,0.09669962606886767
2025-04-02,23332.349609375,23350.0,23158.44921875,23192.599609375,341000,0.0071938424586863,0,-0.43118834495544434,0.6674137488067113,18,-0.0150365718652369,-0.004546349466129631,-0.00417694608785854,0.007542322881001222,0.06398104265402837,-0.5085134665171306,-0.21627223707394663,-0.2309318011853132,-0.2775816653318174
2025-04-03,23250.099609375,23306.5,23145.80078125,23150.30078125,283200,-0.0035251486188494,0,-0.2891711843641181,0.7728100831757316,19,0.0071938424586863,-0.0036400112722350317,-0.0028252570536495994,0.009033719365463625,0.08495068405981554,-0.43118834495544434,-0.35558147819992764,-0.21290198488867737,-0.21828636006676697
2025-04-04,22904.44921875,23214.69921875,22857.44921875,23190.400390625,466800,-0.0148666197750665,0,-0.2691967375576496,0.755333611758549,16,-0.0035251486188494,-0.003789292675133332,-0.0019940709117104,0.008658649267072707,-0.16950146627565987,-0.2891711843641181,-0.40962433194556436,-0.24503200138349052,-0.04413918298062758
2025-04-07,22161.599609375,22254.0,21743.650390625,21758.400390625,647100,-0.0324325462830553,1,0.014549903074900294,0.8451459568418097,15,-0.0148666197750665,-0.003732641978409864,-0.0058623604421242,0.009339785486910942,0.6483050847457628,-0.2691967375576496,-0.32985208895907064,-0.24522437148546375,-0.023972366072185863
2025-04-08,22535.849609375,22697.19921875,22270.849609375,22446.75,468300,0.0168873189028142,0,-0.14198447267214453,0.8252326860950692,18,-0.0324325462830553,-0.016941438225657066,-0.011733408816704361,0.014788496925001811,0.38624678663239065,0.014549903074900294,-0.1812726729489558,-0.23197472500345023,0.24652462807835052
2025-04-09,22399.150390625,22468.69921875,22353.25,22460.30078125,383800,-0.0060658560080705,1,-0.34193626046180725,0.812222111107759,22,0.0168873189028142,-0.010137282385102529,-0.00534863066309414,0.01923022863825784,-0.27630968938340283,-0.14198447267214453,-0.13221043571829796,-0.2503638465883993,0.10837937391625474
2025-04-11,22828.55078125,22923.900390625,22695.400390625,22695.400390625,402200,0.0191703874091904,1,-0.26728408336639403,0.7779137611917363,15,-0.0060658560080705,-0.00720369446277053,-0.0080005703564455,0.017939088838467503,-0.18043988896006835,-0.34193626046180725,-0.15645694335301716,-0.28106293763619916,-0.06087332282560809
2025-04-15,23328.55078125,23368.349609375,23207.0,23368.349609375,388300,0.0219023977821084,1,0.10718820776258199,0.835814933183371,7,0.0191703874091904,0.009997283434644703,-0.0034614631508375396,0.021808586087080067,0.04794163626889003,-0.26728408336639403,-0.25040160550011525,-0.24660159718609395,-0.02068248618030008
2025-04-16,23437.19921875,23452.19921875,23273.05078125,23344.099609375,348400,0.004657316201027,1,-0.034700252507862316,0.7929796238018977,19,0.0219023977821084,0.011668976394409438,0.0038923403605974406,0.0231587641177643,-0.03455992043759326,0.10718820776258199,-0.16734404535520642,-0.16969066108351874,0.27687886884610075
2025-04-17,23851.650390625,23872.349609375,23298.55078125,23401.849609375,505300,0.0176834769379541,1,-0.19232437213261921,0.8524183628573139,15,0.004657316201027,0.015243367130775268,0.011310312857413901,0.01173956600979761,-0.10275560133917072,-0.034700252507862316,-0.06493204270389145,-0.13333767081833936,0.09863741831047704
2025-04-21,24125.55078125,24189.55078125,23903.650390625,23949.150390625,406100,0.0114834984640164,1,-0.1559040943781535,0.721416260871747,12,0.0176834769379541,0.014747730307029838,0.01146954446444188,0.011839099320020656,0.4503444316877152,-0.19232437213261921,-0.03994547229263318,-0.1223559043290493,-0.06996846780356991
2025-04-22,24167.25,24242.599609375,24072.0,24185.400390625,440900,0.0017284255654137,1,-0.8305454070751483,0.257079624919388,13,0.0114834984640164,0.011274763867665835,0.014979415358859261,0.006920459654939468,-0.19631901840490795,-0.1559040943781535,-0.127642906339545,-0.14670647539377127,-0.009197618984382233
2025-04-23,24328.94921875,24359.30078125,24119.94921875,24357.599609375,415000,0.0066908406521222,0,-0.2747021265651869,0.7911839082764496,23,0.0017284255654137,0.01029846698912807,0.01149102299010392,0.008496339278329944,0.08569317901994578,-0.8305454070751483,-0.39292462452864035,-0.24507232316562894,-0.5854730839095195
2025-04-24,24246.69921875,24347.849609375,24216.150390625,24277.900390625,358800,-0.0033807460922566,0,0.18721307118733724,0.8813603413744132,15,0.0066908406521222,0.00663425489385077,0.00844871156410668,0.006267333082828921,-0.058743479246994745,-0.2747021265651869,-0.4203838760061629,-0.23546744689468319,-0.0392346796705037
2025-04-25,24039.349609375,24365.44921875,23847.849609375,24289.0,387700,-0.0085516633626838,1,-0.41477541128794354,0.6055153711161317,9,-0.0033807460922566,0.001679506708426437,0.00684109910544996,0.008212142784359873,-0.13542168674698796,0.18721307118733724,-0.30601148748433266,-0.17053928195843587,0.35775235314577314
2025-04-28,24328.5,24355.099609375,24054.05078125,24070.25,320500,0.0120282118827472,1,-0.2221833500597212,0.766407230796681,18,-0.0085516633626838,-0.0017471896009393967,0.0015940710453223807,0.007929070223891874,0.08054626532887399,-0.41477541128794354,-0.16742148888859767,-0.24510551325136806,-0.16966989803657548
2025-04-29,24335.94921875,24457.650390625,24290.75,24370.69921875,357600,0.0003061930965739,0,-0.017830694715181977,0.7858029705831157,12,0.0120282118827472,3.193414260227052e-05,0.0017030137290685407,0.008100799285649612,-0.17332989424812995,-0.2221833500597212,-0.14991523005344246,-0.27188881290163364,0.049705462841912434
2025-04-30,24334.19921875,24396.150390625,24198.75,24342.05078125,424500,-7.191007773188485e-05,1,-0.07762330344745093,0.8963996161534603,14,0.0003061930965739,0.0012609138722124368,0.0014185672353005806,0.008124618596346184,0.11575663026521066,-0.017830694715181977,-0.21826315202094884,-0.24696114469914263,0.22913044998396065
2025-05-02,24346.69921875,24589.150390625,24238.5,24311.900390625,421100,0.0005136803511647,1,0.036364046732584636,0.8785396878847175,15,-7.191007773188485e-05,0.004087498300529742,6.601708932976378e-05,0.007571581827737338,0.18708053691275173,-0.07762330344745093,-0.105879116074118,-0.2357781745661851,0.15815487111873416
2025-05-05,24461.150390625,24526.400390625,24400.650390625,24419.5,291500,0.0047008906976129,0,-0.358529720041487,0.7660748461049462,18,0.0005136803511647,0.00024932112333557504,0.0008449023780140238,0.007324655623268282,-0.008009422850412284,0.036364046732584636,-0.01969665047668272,-0.1119339668793661,0.14829801361195075
2025-05-06,24379.599609375,24509.650390625,24331.80078125,24500.75,302400,-0.0033338898599493,1,-0.23727035522460938,0.7465871616806059,16,0.0047008906976129,0.0017142203236819083,0.003495413190073364,0.005149016420038691,-0.30776537639515555,-0.358529720041487,-0.1332629922521177,-0.12390933737598041,-0.23462038266550655
2025-05-07,24414.400390625,24449.599609375,24220.0,24233.30078125,330100,0.0014274549954715,0,-0.35868540831974577,0.8543526653921922,14,-0.0033338898599493,0.0006268937296094366,0.00042299284153406386,0.002858381229125718,0.03739279588336197,-0.23727035522460938,-0.1864786761778372,-0.18454982686340135,-0.052720528361208024
2025-05-08,24273.80078125,24447.25,24150.19921875,24431.5,411400,-0.0057588802970967,0,-0.0809565361808328,0.7431587959624849,17,0.0014274549954715,0.0009314852777117033,0.0006472452213135838,0.002890727823280799,0.09160052910052907,-0.35868540831974577,-0.31816182786194735,-0.17653696929651597,-0.1821484390232298
2025-05-09,24008.0,24164.25,23935.75,23935.75,335600,-0.0109501096942064,1,0.2263885596219231,0.8288144244571263,17,-0.0057588802970967,-0.0025551050538581634,-0.000490148822559379,0.004107254653398447,0.2462890033323235,-0.0809565361808328,-0.22563743324172927,-0.15636171017096046,0.07540517399012765
2025-05-12,24924.69921875,24944.80078125,24378.849609375,24420.099609375,368700,0.0381830730902199,0,-0.359522208571434,0.7796956617213929,8,-0.0109501096942064,-0.00509384499861053,-0.002782906831633599,0.00611550437692898,-0.18424890617403988,0.2263885596219231,-0.07108446162621845,-0.12147324526565972,0.34786180488758284
2025-05-13,24578.349609375,24973.80078125,24547.5,24864.05078125,423000,-0.0138958390765435,1,-0.5121061503887177,0.6026588682880077,8,0.0381830730902199,0.007158027699638937,0.003913529646887801,0.019669713731276933,0.09862932061978547,-0.359522208571434,-0.07136339504344787,-0.16174451742622878,-0.19777769114520524
2025-05-14,24666.900390625,24767.55078125,24535.55078125,24613.80078125,345500,0.0036027960647213,1,-0.0782925521626192,0.818847502672929,17,-0.0138958390765435,0.004445708106490003,0.001801139803568961,0.021153771080175073,0.14727420667209112,-0.5121061503887177,-0.2150799331127428,-0.24009740272927196,-0.2720087476594457
2025-05-15,25062.099609375,25116.25,24494.44921875,24694.44921875,500800,0.0160214381414618,0,-0.18357148021459582,0.767411668178096,16,0.0036027960647213,0.009296676692799237,0.002236208017418921,0.02116653034181464,-0.18321513002364065,-0.0782925521626192,-0.3166403037075902,-0.2000635216037194,0.1217709694411002
2025-05-16,25019.80078125,25070.0,24953.05078125,25064.650390625,432700,-0.0016877607536591,0,-0.4608378849531475,0.7487349956378766,19,0.0160214381414618,0.001909465043213203,0.00659227170513062,0.021350191480422085,0.4494934876989869,-0.18357148021459582,-0.25799006092197746,-0.19239225374514607,0.008820773530550247
2025-05-19,24945.44921875,25062.94921875,24916.650390625,25005.349609375,255300,-0.0029717088137536,0,-0.31838995549413895,0.8238832621946849,18,-0.0016877607536591,0.00597882448417467,0.008444741493240081,0.01979260136883392,-0.13598242811501593,-0.4608378849531475,-0.24090063911012075,-0.20698546469277485,-0.25385242026037264
2025-05-20,24683.900390625,25010.349609375,24669.69921875,24996.19921875,414800,-0.0104848313546668,1,-0.2397053440411886,0.8094143971127218,15,-0.0029717088137536,0.0037873228580163703,0.00021378511244538105,0.010888205000247614,-0.409983822509822,-0.31838995549413895,-0.320933106887294,-0.24090452459467576,-0.07748543089946319
2025-05-21,24813.44921875,24946.19921875,24685.349609375,24744.25,332700,0.0052483127088862,0,-0.26237427487092857,0.7492114292926323,17,-0.0104848313546668,-0.005048100307359829,0.0008959866568207214,0.009839511386875261,0.6247551899725812,-0.2397053440411886,-0.3396443948294916,-0.30748936797512033,0.06778402393393174
2025-05-22,24609.69921875,24737.5,24462.400390625,24733.94921875,403300,-0.0082112727740422,1,-0.18719456877027238,0.8266898183386381,14,0.0052483127088862,-0.002736075819844729,0.0012250899856537014,0.009979207348498874,-0.1979267116682739,-0.26237427487092857,-0.27348985813541865,-0.2936110917321909,0.03123681686126234
2025-05-23,24853.150390625,24909.05078125,24614.05078125,24639.5,270500,0.0098924887180058,1,-0.1641142921788352,0.7508661752983583,14,-0.0082112727740422,-0.004482597139940929,-0.003621452197447099,0.00614423479652162,0.21220318605350164,-0.18719456877027238,-0.22975806256079645,-0.24719515150098445,0.06000058273071207
2025-05-26,25001.150390625,25079.19921875,24900.5,24919.349609375,302800,0.0059549794562796,0,-0.31036996841430664,0.8628700262153011,13,0.0098924887180058,0.0023098428842832706,-0.0013054023031141184,0.008704502941588943,-0.3292834118522192,-0.1641142921788352,-0.2045610452733453,-0.2594554000747296,0.09534110789589442
2025-05-27,24826.19921875,25062.900390625,24704.099609375,24956.650390625,525700,-0.0069977248703164,0,-0.0404428710108218,0.8166327641319212,23,0.0059549794562796,0.002545398466747737,0.00047993535089252144,0.009179772587749522,0.11940850277264325,-0.31036996841430664,-0.22055960978780464,-0.27756946981754543,-0.03280049859676121
2025-05-28,24752.44921875,24864.25,24737.05078125,24832.5,684400,-0.0029706520659956,1,0.05350366433461508,0.7642119663052057,15,-0.0069977248703164,0.002949914434656338,0.0011773566477626012,0.008220860815648483,0.7361294583883751,-0.0404428710108218,-0.17164237720132114,-0.21751303925435606,0.17707016824353425
2025-05-29,24833.599609375,24892.599609375,24677.30078125,24825.099609375,345400,0.0032784792287758,0,-0.00452733039855958,0.7835383516580026,12,-0.0029706520659956,-0.0013377991600107958,-0.0004664363072137588,0.00802267453603728,0.3018832033479171,0.05350366433461508,-0.09910305836350437,-0.16438537927881974,0.2178890436134348
2025-05-30,24750.69921875,24863.94921875,24717.400390625,24812.599609375,853900,-0.0033382349691143,0,-0.08160914108157158,0.8933206196438762,16,0.0032784792287758,-0.0022299659025120625,0.0018315140933498411,0.00680243057850009,-0.4953243717124488,-0.00452733039855958,0.0028444876417446398,-0.13078852018701562,0.12626118978845605
2025-06-02,24716.599609375,24754.400390625,24526.150390625,24669.69921875,311100,-0.0013777230725331,0,0.1909385849447811,0.8676890934184446,17,-0.0033382349691143,-0.001010135935444696,-0.000814630644074179,0.005287457581715659,1.4722061378112334,-0.08160914108157158,-0.010877602381838622,-0.10496492964567891,0.023355788564107333
2025-06-03,24542.5,24845.099609375,24502.150390625,24786.30078125,349300,-0.0070438333802584,1,-0.28898125514388084,0.8462881237718075,16,-0.0013777230725331,-0.0004791596042905293,-0.002281171149836719,0.0037270825591450957,-0.6356716243119803,0.1909385849447811,0.03493403782155006,-0.05094590768638554,0.24188449263116665
2025-06-04,24620.19921875,24644.25,24530.44921875,24560.44921875,280900,0.0031659048079861,1,-0.5400646775960922,0.695934050164251,12,-0.0070438333802584,-0.0039199304739685956,-0.0022903928518251187,0.003741698308746675,0.12279009964641596,-0.28898125514388084,-0.05988393709355703,-0.06878404525282064,-0.2201972098910602
2025-06-05,24750.900390625,24899.849609375,24613.099609375,24691.19921875,388400,0.0053086967621067,1,-0.08317801226740298,0.7622038735694538,23,0.0031659048079861,-0.001751883881601796,-0.0010630814770287787,0.004409597216163457,-0.19582021185227594,-0.5400646775960922,-0.2127024492650639,-0.10159757513593286,-0.43846710246015935
2025-06-06,25003.05078125,25029.5,24671.44921875,24748.69921875,335600,0.0101875239545026,1,-0.2019679956138134,0.8381044024023953,16,0.0053086967621067,0.00047692272994480427,-0.0006570379703625988,0.004967500436718433,0.38269846920612327,-0.08317801226740298,-0.30407464833579195,-0.10770259531544446,0.024524583048041476
2025-06-09,25103.19921875,25160.099609375,25077.150390625,25160.099609375,279200,0.0040054487100871,1,-0.48441870646043256,0.6273919653296888,11,0.0101875239545026,0.00622070850819847,0.0020481138143607818,0.006567547439100683,-0.1359423274974253,-0.2019679956138134,-0.2750702284924361,-0.14419854673664853,-0.05776944887716487
2025-06-10,25104.25,25199.30078125,25055.44921875,25196.05078125,307300,4.18584595869298e-05,1,-0.06408132240176202,0.7204345062930081,16,0.0040054487100871,0.006500556475565471,0.003124748170884821,0.0063013849923952685,-0.16805721096543502,-0.48441870646043256,-0.25652157144721627,-0.2127544576026304,-0.27166424885780216
2025-06-11,25141.400390625,25222.400390625,25081.30078125,25134.150390625,301200,0.0014798446727146,0,-0.19030357731713188,0.8314439991627914,18,4.18584595869298e-05,0.004744943708058881,0.004541886538853887,0.003704475797243899,0.10064469914040108,-0.06408132240176202,-0.2501560081586693,-0.21025048350551476,0.14616916110375272
2025-06-12,24888.19921875,25196.19921875,24825.900390625,25164.44921875,328300,-0.0100710846627866,0,-0.16176243126392365,0.8879490805905311,12,0.0014798446727146,0.001842383947462881,0.004204674511799587,0.003930864365499679,-0.01985030914415875,-0.19030357731713188,-0.2462678687264421,-0.26471364954293086,0.07441007222579898
2025-06-13,24718.599609375,24754.349609375,24473.0,24473.0,318700,-0.0068144588479197,1,-0.2010247558355332,0.8663890828953714,20,-0.0100710846627866,-0.002849793843495019,0.0011287182268209278,0.007366778098088923,0.08997343957503312,-0.16176243126392365,-0.13871577699427243,-0.24653953184579414,0.08477710058187049
2025-06-16,24946.5,24967.099609375,24703.599609375,24732.349609375,305800,0.0092197937677085,0,-0.13156199726191434,0.7832253047457833,22,-0.0068144588479197,-0.005135232945997229,-0.0022716783336635326,0.0059223368523743354,-0.02924154736521478,-0.2010247558355332,-0.18436358813886286,-0.1981052573085714,-0.0029194985269618
2025-06-17,24853.400390625,24982.05078125,24813.69921875,24977.849609375,242400,-0.0037319707924959,0,-0.20213951667149863,0.8670093664113065,12,0.0092197937677085,-0.002555249914332595,-0.001228809322139253,0.007541717699390549,-0.04047693755883275,-0.13156199726191434,-0.16478306145379032,-0.20501725516493016,0.07345525790301582
2025-06-18,24812.05078125,24947.55078125,24750.44921875,24788.349609375,237600,-0.0016637405234334,0,-0.26534537971019745,0.8980386437427774,12,-0.0037319707924959,-0.0004422119575690295,-0.001983575172555819,0.007571540244883939,-0.2073250490516677,-0.20213951667149863,-0.17824208992298196,-0.2050417581731709,0.002902241501672287
2025-06-19,24793.25,24863.099609375,24733.400390625,24803.25,274600,-0.0007577278241026,1,-0.12065324187278748,0.7369948115412154,20,-0.0016637405234334,0.0012746941505930706,-0.0026122922117854186,0.007338996496808448,-0.01980198019801982,-0.26534537971019745,-0.1996822978812034,-0.17374556863742305,-0.0915998110727744
2025-06-20,25112.400390625,25136.19921875,24783.650390625,24787.650390625,574700,0.0128724709598377,0,-0.30042615107127596,0.8280055023038194,14,-0.0007577278241026,-0.0020511463800106295,-0.0007496208440486191,0.006039486307639986,0.1557239057239057,-0.12065324187278748,-0.19604604608482779,-0.18182727141899813,0.06117402954621065
2025-06-23,24971.900390625,25057.0,24824.849609375,24939.75,248500,-0.0055948454872697,1,-0.37842610147264266,0.682425352171244,18,0.0128724709598377,0.0034836675374339036,0.003187765117502861,0.007368270887560359,1.0928623452294248,-0.30042615107127596,-0.22880825755142023,-0.1975590676695901,-0.10286708340168585
2025-06-24,25044.349609375,25317.69921875,24999.69921875,25179.900390625,450200,0.0029012296868362,1,0.13373753428459167,0.8546478936647438,14,-0.0055948454872697,0.002173299216155137,0.0002248372665072211,0.007314708395367029,-0.5676004872107187,-0.37842610147264266,-0.26650183147223533,-0.22851102055654998,-0.14991508091609268
2025-06-25,25244.75,25266.80078125,25125.05078125,25150.349609375,260600,0.0080018205204253,1,0.3142240419983864,0.8128067518727554,16,0.0029012296868362,0.0033929517198014038,0.001551477362373641,0.007012964998647357,0.8116700201207243,0.13373753428459167,-0.18170490608644227,-0.18068783625367502,0.3144253705382667
2025-06-26,25549.0,25565.30078125,25259.900390625,25268.94921875,428900,0.0120520108141297,1,-0.24671933054924014,0.8042430122189398,22,0.0080018205204253,0.0017694015733306038,0.0034845895711453816,0.007233799123453566,-0.4211461572634385,0.3142240419983864,0.023178491603445206,-0.11700411635934635,0.43122815835773276
2025-06-27,25637.80078125,25654.19921875,25523.55078125,25576.650390625,564000,0.003475704773181,0,-0.20230759845839608,0.8958927573428621,18,0.0120520108141297,0.007651687007130404,0.0060465372987918405,0.007614081824334787,0.6458173445894091,-0.24671933054924014,0.06708074857791271,-0.1233726611990237,-0.12334666935021645
2025-06-30,25517.05078125,25669.349609375,25473.30078125,25661.650390625,271000,-0.0047098423546652,1,-0.19529384076595308,0.743562290253737,20,0.003475704773181,0.00784317870257867,0.004167184061460501,0.006600244970587496,0.3149918395896478,-0.20230759845839608,-0.04493429566974987,-0.11436726387733778,-0.0879403345810583
2025-07-01,25541.80078125,25593.400390625,25501.80078125,25551.349609375,260700,0.0009699396772837,0,-0.3795699043707414,0.7156382885427063,11,-0.0047098423546652,0.0036059577442151703,0.004344184687981401,0.006276955186641652,-0.5195035460992907,-0.19529384076595308,-0.2147735899245297,-0.12503020657636144,-0.07026363418959164
2025-07-02,25453.400390625,25608.099609375,25378.75,25588.30078125,309800,-0.0034610085397696,0,-0.37388049231635195,0.6522911775835296,9,0.0009699396772837,-8.806596806682956e-05,0.003957926686070901,0.0064451163623537285,-0.03800738007380078,-0.3795699043707414,-0.2590571145316968,-0.13633645704771363,-0.24323344732302776
2025-07-03,25405.30078125,25587.5,25384.349609375,25505.099609375,293400,-0.0018897125192245,1,-0.2085373117810204,0.7507455715338056,21,-0.0034610085397696,-0.002400303739050363,0.0016653608740319213,0.006681435703240673,0.1883390870732642,-0.37388049231635195,-0.3162480791510154,-0.1356870843111007,-0.23819340800525127
2025-07-04,25461.0,25470.25,25331.650390625,25428.849609375,193500,0.0021924250859925,1,0.03477819263935092,0.9040611296781955,16,-0.0018897125192245,-0.0014602604605701297,-0.0011229837926389186,0.003333468620622691,-0.05293737895416395,-0.2085373117810204,-0.32066256948937116,-0.1845834908919024,-0.023953820889117988
2025-07-07,25461.30078125,25489.80078125,25407.25,25450.44921875,196100,1.1813410706551508e-05,1,0.2799786448478699,0.8751546363282476,15,0.0021924250859925,-0.0010527653243338631,-0.0013796397300766187,0.0029138758696407962,-0.3404907975460123,0.03477819263935092,-0.18254653715267374,-0.22450432651462177,0.2592825191539727
2025-07-08,25522.5,25548.05078125,25424.150390625,25427.849609375,210400,0.0024036171315751,0,-0.32168151438236237,0.7539269027377973,16,1.1813410706551508e-05,0.00010484199249152073,-0.0004353085770022686,0.0022555363011678995,0.013436692506459957,0.2799786448478699,0.03540650856873354,-0.14926175860074892,0.4292404034486188
2025-07-09,25476.099609375,25548.69921875,25424.349609375,25514.599609375,239100,-0.0018180190273288,0,-0.1655105994297908,0.8786292752190336,13,0.0024036171315751,0.0015359518760913874,-0.00014857308614398858,0.0025506600291691044,0.07292197858235605,-0.32168151438236237,-0.002308225631713771,-0.1663151751613155,-0.15536633922104687
2025-07-10,25355.25,25524.05078125,25340.44921875,25511.650390625,219600,-0.004743646446198,0,-0.1962176501750946,0.7386688859578027,20,-0.0018180190273288,0.000199137171650954,0.00018002481634417142,0.002079567535937953,0.13640684410646386,-0.1655105994297908,-0.06907115632142768,-0.1620604263990066,-0.0034501730307841816
2025-07-11,25149.849609375,25322.44921875,25129.0,25255.5,250000,-0.008100901810276,0,0.1966210901737213,0.754582227901185,8,-0.004743646446198,-0.0013860161139838967,-0.0003907619690505286,0.002984465732653787,-0.081555834378921,-0.1962176501750946,-0.22780325466241583,-0.13586724722819993,-0.06035040294689467
2025-07-14,25082.30078125,25151.099609375,25001.94921875,25149.5,259500,-0.0026858541571485,1,-0.16221802102194893,0.796155539441587,18,-0.008100901810276,-0.004887522427934264,-0.0024494273483042285,0.004099116616075966,0.1384335154826959,0.1966210901737213,-0.055035719810387955,-0.05436702115818948,0.2509881113319108
2025-07-15,25195.80078125,25245.19921875,25088.44921875,25089.5,241300,0.0045251032187942,1,-0.1630084216594696,0.9012959682672864,16,-0.0026858541571485,-0.00517680080454083,-0.002988960861875239,0.0038650270901234712,0.038000000000000034,-0.16221802102194893,-0.053938193674440665,-0.04774997962117926,-0.11446804140076967
2025-07-16,25212.05078125,25255.30078125,25121.05078125,25196.599609375,228800,0.0006449487413033,0,-0.11095155278841655,0.9098523971730871,12,0.0045251032187942,-0.002087217582876763,-0.0025646636444314184,0.004643136294005975,-0.07013487475915225,-0.1630084216594696,-0.042868450835899,-0.07600521023529648,-0.08700321142417312
2025-07-17,25111.44921875,25238.349609375,25101.0,25230.75,243400,-0.0039902173517283,0,-0.12144835293293002,0.7778266872611053,20,0.0006449487413033,0.0008280659343163369,-0.0020720700907049987,0.004867385078648788,-0.05180273518441769,-0.11095155278841655,-0.14539266515661162,-0.13185238132619453,0.020900828537777985
2025-07-18,24968.400390625,25144.599609375,24918.650390625,25108.55078125,317000,-0.0056965580472427,1,-0.1046874182564872,0.8737423408366664,14,-0.0039902173517283,0.00039327820278973677,-0.0019213842718110586,0.004774782393656142,0.06381118881118875,-0.12144835293293002,-0.1318027757936053,-0.10324764397627563,-0.01820070895665439
2025-07-21,25090.69921875,25111.400390625,24882.30078125,24999.0,305200,0.0048981443028652,0,-0.1281971514225006,0.869524894900096,10,-0.0056965580472427,-0.0030139422192225628,-0.0014405155192043985,0.004065203373369477,0.3023829087921117,-0.1046874182564872,-0.11236244132594451,-0.09455861809437513,-0.010128800162112067
2025-07-22,25060.900390625,25182.0,25035.55078125,25166.650390625,483700,-0.0011876443882732,1,-0.09458445127193746,0.8800103586467558,13,0.0048981443028652,-0.001596210365368596,7.628417279834134e-05,0.0048277284346751334,-0.037223974763406886,-0.1281971514225006,-0.11811097420397253,-0.08484140398686169,-0.043355747435638914
2025-07-23,25219.900390625,25233.5,25085.5,25139.349609375,271500,0.0063445445902445,0,0.2544540762901306,0.7077034774792722,13,-0.0011876443882732,-0.0006620193775502296,-0.0010662653486151383,0.004138425872688468,0.584862385321101,-0.09458445127193746,-0.109156340316975,-0.1264421956219558,0.03185774435001834
2025-07-24,25062.099609375,25246.25,25018.69921875,25243.30078125,338700,-0.006256994627491,0,-0.10592580693108695,0.7873282869629575,14,0.0063445445902445,0.0033516815016121707,7.365382117310148e-05,0.005338563630206657,-0.4387016745916891,0.2544540762901306,0.01055749119856427,-0.06691761029165873,0.32137168658178933
2025-07-25,24837.0,25010.349609375,24806.349609375,25010.349609375,278100,-0.0089816740370306,0,-0.16286319143631878,0.7514059751921534,17,-0.006256994627491,-0.0003666981418398964,-0.0003797016339794386,0.005842419266924286,0.24751381215469603,-0.10592580693108695,0.01798127269570215,-0.058762951044746915,-0.04716285588634004
2025-07-28,24680.900390625,24889.19921875,24646.599609375,24782.44921875,262100,-0.0062849623293875,1,-0.5050952792167663,0.610322084153779,10,-0.0089816740370306,-0.0029647080247590294,-0.0010367248319370183,0.00671010471700024,-0.1789193976970771,-0.16286319143631878,-0.004778307359091627,-0.06617889942301866,-0.09668429201330012
2025-07-29,24821.099609375,24847.150390625,24598.599609375,24609.650390625,284700,0.0056804742343701,1,0.03223830461502074,0.8097567631521586,20,-0.0062849623293875,-0.007174543664636363,-0.0032733461583875577,0.006070646004446021,-0.05753326141675652,-0.5050952792167663,-0.25796142586139065,-0.12098560317785242,-0.3841096760389139
2025-07-30,24855.05078125,24902.30078125,24771.94921875,24890.400390625,243900,0.0013678351245234,0,-0.18492074196155256,0.7813756682452441,13,0.0056804742343701,-0.0031953873773493285,-0.0018997224338588984,0.0073109080953420325,0.08622663105684847,0.03223830461502074,-0.211906722012688,-0.10142478562477984,0.13366309023980058
2025-07-31,24768.349609375,24956.5,24635.0,24642.25,346300,-0.0034882717656889,0,-0.39496862036841257,0.7737735414983165,14,0.0013678351245234,0.00025444900983533753,-0.002895064327003118,0.00615534269812684,-0.1433087460484721,-0.18492074196155256,-0.21925923885443263,-0.10952815570178728,-0.07539258625976528
2025-08-01,24565.349609375,24784.150390625,24535.05078125,24734.900390625,263400,-0.0081959437427822,1,-0.1737571805715561,0.8714157226787677,20,-0.0034882717656889,0.0011866791977348707,-0.002341319754642698,0.005896378748613722,0.4198441984419845,-0.39496862036841257,-0.182550352571648,-0.15244017985842656,-0.242528440509986
2025-08-04,24722.75,24736.25,24554.0,24596.05078125,259300,0.0064074150430544,0,0.1324138323465983,0.808650887885492,15,-0.0081959437427822,-0.003438793461315896,-0.002184173695793018,0.005681724474493314,-0.2393878140340745,-0.1737571805715561,-0.251215514300507,-0.21361321655295323,0.03985603598139714
2025-08-05,24649.55078125,24733.099609375,24590.30078125,24720.25,251800,-0.0029608040671041,0,-0.2337032357851664,0.7878192836346601,12,0.0064074150430544,-0.0017589334884722293,0.00035430177869536194,0.00620297535428367,-0.015565679574791158,0.1324138323465983,-0.14543732286445668,-0.17956469665614108,0.31197852900273937
2025-08-06,24574.19921875,24671.400390625,24539.19921875,24641.349609375,225100,-0.0030569142281212,1,-0.10923004409541255,0.8702645112770082,23,-0.0029608040671041,-0.001583110922277296,-0.0013739538815994781,0.0055135081524371144,-0.02892402622445045,-0.2337032357851664,-0.09168219467004131,-0.18968470299169074,-0.04401853279347567
2025-08-07,24596.150390625,24634.19921875,24344.150390625,24464.19921875,616700,0.0008932609229541,0,-0.06267321854829787,0.9158506060457787,16,-0.0030569142281212,0.00012989891594303708,-0.0022589037521283982,0.005314940164175993,-0.10603653693407467,-0.10923004409541255,-0.07017314917799346,-0.13313252654578303,0.02390248245037048
2025-08-08,24363.30078125,24585.5,24337.5,24544.25,312600,-0.0094669127354072,1,0.09401415075574603,0.7238194035877928,21,0.0008932609229541,-0.0017081524574237294,-0.001382597214399798,0.0054217060617675365,1.7396712572190136,-0.06267321854829787,-0.13520216614295885,-0.14669131556911427,0.0840180970208164
2025-08-11,24585.05078125,24600.849609375,24347.44921875,24371.5,241100,0.0091018044718578,0,-0.18197857907840184,0.8231613897556501,14,-0.0094669127354072,-0.0038768553468580963,-0.001636791012924798,0.0058350445707844685,-0.4931084806226691,0.09401415075574603,-0.025963037295988037,-0.10684347375235732,0.20085762450810335
2025-08-12,24487.400390625,24702.599609375,24465.650390625,24563.349609375,237000,-0.0039719417907191,1,-0.30565785244107246,0.8652298356112624,16,0.0091018044718578,0.0001760508864682373,-0.0010979131271641185,0.006807114212500341,-0.2287268074216251,-0.18197857907840184,-0.05021254895698447,-0.07641632499664151,-0.10556225408176033
2025-08-13,24619.349609375,24664.55078125,24535.25,24586.19921875,236000,0.0053884535167121,0,-0.5111973626273019,0.7775419964493372,14,-0.0039719417907191,-0.0014456833514228295,-0.0013001406718871184,0.006890798462690993,-0.017005391953546223,-0.30565785244107246,-0.13120742692124268,-0.09525927812085813,-0.21039857432021433
